{"initial_reset_timestamp": 1573200304.7644303, "timestamps": [1573200335.162312], "episode_lengths": [9979], "episode_rewards": [700.0], "episode_types": ["t"]}