{"initial_reset_timestamp": 1573200685.917828, "timestamps": [1573200686.7654378], "episode_lengths": [275], "episode_rewards": [8.0], "episode_types": ["t"]}