{"initial_reset_timestamp": 1573200776.5458655, "timestamps": [1573200781.2770224], "episode_lengths": [1781], "episode_rewards": [14.0], "episode_types": ["t"]}